naics_code,factor_value,factor_unit,with_margins,without_margins,source_year,useeio_code
111110,1.037696058845421,kg CO2e/USD,1.037696058845421,1.037696058845421,2017,1111A0
111120,1.037696058845421,kg CO2e/USD,1.037696058845421,1.037696058845421,2017,1111A0
111130,2.47472847080366,kg CO2e/USD,2.47472847080366,2.47472847080366,2017,1111B0
111140,2.47472847080366,kg CO2e/USD,2.47472847080366,2.47472847080366,2017,1111B0
111150,2.47472847080366,kg CO2e/USD,2.47472847080366,2.47472847080366,2017,1111B0
111160,2.47472847080366,kg CO2e/USD,2.47472847080366,2.47472847080366,2017,1111B0
111191,2.47472847080366,kg CO2e/USD,2.47472847080366,2.47472847080366,2017,1111B0
111199,2.47472847080366,kg CO2e/USD,2.47472847080366,2.47472847080366,2017,1111B0
111211,0.9967177290965602,kg CO2e/USD,0.9967177290965602,0.9967177290965602,2017,111200
111219,0.9967177290965602,kg CO2e/USD,0.9967177290965602,0.9967177290965602,2017,111200
111310,0.7120813304056997,kg CO2e/USD,0.7120813304056997,0.7120813304056997,2017,111300
111320,0.7120813304056997,kg CO2e/USD,0.7120813304056997,0.7120813304056997,2017,111300
111331,0.7120813304056997,kg CO2e/USD,0.7120813304056997,0.7120813304056997,2017,111300
111332,0.7120813304056997,kg CO2e/USD,0.7120813304056997,0.7120813304056997,2017,111300
111333,0.7120813304056997,kg CO2e/USD,0.7120813304056997,0.7120813304056997,2017,111300
111334,0.7120813304056997,kg CO2e/USD,0.7120813304056997,0.7120813304056997,2017,111300
111335,0.7120813304056997,kg CO2e/USD,0.7120813304056997,0.7120813304056997,2017,111300
111336,0.7120813304056997,kg CO2e/USD,0.7120813304056997,0.7120813304056997,2017,111300
111339,0.7120813304056997,kg CO2e/USD,0.7120813304056997,0.7120813304056997,2017,111300
111411,0.9292804012297732,kg CO2e/USD,0.9292804012297732,0.9292804012297732,2017,111400
111419,0.9292804012297732,kg CO2e/USD,0.9292804012297732,0.9292804012297732,2017,111400
111421,0.9292804012297732,kg CO2e/USD,0.9292804012297732,0.9292804012297732,2017,111400
111422,0.9292804012297732,kg CO2e/USD,0.9292804012297732,0.9292804012297732,2017,111400
111910,1.333896797000158,kg CO2e/USD,1.333896797000158,1.333896797000158,2017,111900
111920,1.333896797000158,kg CO2e/USD,1.333896797000158,1.333896797000158,2017,111900
111930,1.333896797000158,kg CO2e/USD,1.333896797000158,1.333896797000158,2017,111900
111940,1.333896797000158,kg CO2e/USD,1.333896797000158,1.333896797000158,2017,111900
111991,1.333896797000158,kg CO2e/USD,1.333896797000158,1.333896797000158,2017,111900
111992,1.333896797000158,kg CO2e/USD,1.333896797000158,1.333896797000158,2017,111900
111998,1.333896797000158,kg CO2e/USD,1.333896797000158,1.333896797000158,2017,111900
112111,4.34998909233788,kg CO2e/USD,4.34998909233788,4.34998909233788,2017,1121A0
112112,4.34998909233788,kg CO2e/USD,4.34998909233788,4.34998909233788,2017,1121A0
112120,3.173411928449358,kg CO2e/USD,3.173411928449358,3.173411928449358,2017,112120
112210,1.935138148548342,kg CO2e/USD,1.935138148548342,1.935138148548342,2017,112A00
112310,1.338357657572241,kg CO2e/USD,1.338357657572241,1.338357657572241,2017,112300
112320,1.338357657572241,kg CO2e/USD,1.338357657572241,1.338357657572241,2017,112300
112330,1.338357657572241,kg CO2e/USD,1.338357657572241,1.338357657572241,2017,112300
112340,1.338357657572241,kg CO2e/USD,1.338357657572241,1.338357657572241,2017,112300
112390,1.338357657572241,kg CO2e/USD,1.338357657572241,1.338357657572241,2017,112300
112410,1.935138148548342,kg CO2e/USD,1.935138148548342,1.935138148548342,2017,112A00
112420,1.935138148548342,kg CO2e/USD,1.935138148548342,1.935138148548342,2017,112A00
112511,1.935138148548342,kg CO2e/USD,1.935138148548342,1.935138148548342,2017,112A00
112512,1.935138148548342,kg CO2e/USD,1.935138148548342,1.935138148548342,2017,112A00
112519,1.935138148548342,kg CO2e/USD,1.935138148548342,1.935138148548342,2017,112A00
112910,1.935138148548342,kg CO2e/USD,1.935138148548342,1.935138148548342,2017,112A00
112920,1.935138148548342,kg CO2e/USD,1.935138148548342,1.935138148548342,2017,112A00
112930,1.935138148548342,kg CO2e/USD,1.935138148548342,1.935138148548342,2017,112A00
112990,1.935138148548342,kg CO2e/USD,1.935138148548342,1.935138148548342,2017,112A00
113110,0.4210976154777625,kg CO2e/USD,0.4210976154777625,0.4210976154777625,2017,113000
113210,0.4210976154777625,kg CO2e/USD,0.4210976154777625,0.4210976154777625,2017,113000
113310,0.4210976154777625,kg CO2e/USD,0.4210976154777625,0.4210976154777625,2017,113000
114111,0.3702356962903582,kg CO2e/USD,0.3702356962903582,0.3702356962903582,2017,114000
114112,0.3702356962903582,kg CO2e/USD,0.3702356962903582,0.3702356962903582,2017,114000
114119,0.3702356962903582,kg CO2e/USD,0.3702356962903582,0.3702356962903582,2017,114000
114210,0.3702356962903582,kg CO2e/USD,0.3702356962903582,0.3702356962903582,2017,114000
115111,0.5844810611824639,kg CO2e/USD,0.5844810611824639,0.5844810611824639,2017,115000
115112,0.5844810611824639,kg CO2e/USD,0.5844810611824639,0.5844810611824639,2017,115000
115113,0.5844810611824639,kg CO2e/USD,0.5844810611824639,0.5844810611824639,2017,115000
115114,0.5844810611824639,kg CO2e/USD,0.5844810611824639,0.5844810611824639,2017,115000
115115,0.5844810611824639,kg CO2e/USD,0.5844810611824639,0.5844810611824639,2017,115000
115116,0.5844810611824639,kg CO2e/USD,0.5844810611824639,0.5844810611824639,2017,115000
115210,0.5844810611824639,kg CO2e/USD,0.5844810611824639,0.5844810611824639,2017,115000
115310,0.5844810611824639,kg CO2e/USD,0.5844810611824639,0.5844810611824639,2017,115000
311111,1.03369047282725,kg CO2e/USD,1.03369047282725,1.03369047282725,2017,311111
311119,1.195082524128647,kg CO2e/USD,1.195082524128647,1.195082524128647,2017,311119
311211,1.820546929895464,kg CO2e/USD,1.820546929895464,1.820546929895464,2017,311210
311212,1.820546929895464,kg CO2e/USD,1.820546929895464,1.820546929895464,2017,311210
311213,1.820546929895464,kg CO2e/USD,1.820546929895464,1.820546929895464,2017,311210
311221,2.049999728723453,kg CO2e/USD,2.049999728723453,2.049999728723453,2017,311221
311225,1.032181844065697,kg CO2e/USD,1.032181844065697,1.032181844065697,2017,311225
311230,0.801929321410241,kg CO2e/USD,0.801929321410241,0.801929321410241,2017,311230
311311,0.7466722557876107,kg CO2e/USD,0.7466722557876107,0.7466722557876107,2017,311300
311312,0.7466722557876107,kg CO2e/USD,0.7466722557876107,0.7466722557876107,2017,311300
311313,0.7466722557876107,kg CO2e/USD,0.7466722557876107,0.7466722557876107,2017,311300
311320,0.7466722557876107,kg CO2e/USD,0.7466722557876107,0.7466722557876107,2017,311300
311330,0.7466722557876107,kg CO2e/USD,0.7466722557876107,0.7466722557876107,2017,311300
311340,0.7466722557876107,kg CO2e/USD,0.7466722557876107,0.7466722557876107,2017,311300
311411,1.142940040019307,kg CO2e/USD,1.142940040019307,1.142940040019307,2017,311410
311412,1.142940040019307,kg CO2e/USD,1.142940040019307,1.142940040019307,2017,311410
311421,0.8713179320124177,kg CO2e/USD,0.8713179320124177,0.8713179320124177,2017,311420
311422,0.8713179320124177,kg CO2e/USD,0.8713179320124177,0.8713179320124177,2017,311420
311423,0.8713179320124177,kg CO2e/USD,0.8713179320124177,0.8713179320124177,2017,311420
311511,1.641074700917934,kg CO2e/USD,1.641074700917934,1.641074700917934,2017,31151A
311512,1.641074700917934,kg CO2e/USD,1.641074700917934,1.641074700917934,2017,31151A
311513,1.826065304465223,kg CO2e/USD,1.826065304465223,1.826065304465223,2017,311513
311514,1.484814245219866,kg CO2e/USD,1.484814245219866,1.484814245219866,2017,311514
311520,0.9372188367493276,kg CO2e/USD,0.9372188367493276,0.9372188367493276,2017,311520
311611,2.519277240818995,kg CO2e/USD,2.519277240818995,2.519277240818995,2017,31161A
311612,2.519277240818995,kg CO2e/USD,2.519277240818995,2.519277240818995,2017,31161A
311613,2.519277240818995,kg CO2e/USD,2.519277240818995,2.519277240818995,2017,31161A
311615,1.020193539744715,kg CO2e/USD,1.020193539744715,1.020193539744715,2017,311615
311711,0.5687357085904501,kg CO2e/USD,0.5687357085904501,0.5687357085904501,2017,311700
311712,0.5687357085904501,kg CO2e/USD,0.5687357085904501,0.5687357085904501,2017,311700
311811,0.6422934436100306,kg CO2e/USD,0.6422934436100306,0.6422934436100306,2017,311810
311812,0.6422934436100306,kg CO2e/USD,0.6422934436100306,0.6422934436100306,2017,311810
311813,0.6422934436100306,kg CO2e/USD,0.6422934436100306,0.6422934436100306,2017,311810
311821,0.8759519121997382,kg CO2e/USD,0.8759519121997382,0.8759519121997382,2017,3118A0
311822,0.8759519121997382,kg CO2e/USD,0.8759519121997382,0.8759519121997382,2017,3118A0
311823,0.8759519121997382,kg CO2e/USD,0.8759519121997382,0.8759519121997382,2017,3118A0
311830,0.8759519121997382,kg CO2e/USD,0.8759519121997382,0.8759519121997382,2017,3118A0
311911,0.7311144221971239,kg CO2e/USD,0.7311144221971239,0.7311144221971239,2017,311910
311919,0.7311144221971239,kg CO2e/USD,0.7311144221971239,0.7311144221971239,2017,311910
311920,0.6048877159595863,kg CO2e/USD,0.6048877159595863,0.6048877159595863,2017,311920
311930,0.6683173466865983,kg CO2e/USD,0.6683173466865983,0.6683173466865983,2017,311930
311941,0.7717074289157956,kg CO2e/USD,0.7717074289157956,0.7717074289157956,2017,311940
311942,0.7717074289157956,kg CO2e/USD,0.7717074289157956,0.7717074289157956,2017,311940
311991,0.8849740388890558,kg CO2e/USD,0.8849740388890558,0.8849740388890558,2017,311990
311999,0.8849740388890558,kg CO2e/USD,0.8849740388890558,0.8849740388890558,2017,311990
312111,0.6894737582528139,kg CO2e/USD,0.6894737582528139,0.6894737582528139,2017,312110
312112,0.6894737582528139,kg CO2e/USD,0.6894737582528139,0.6894737582528139,2017,312110
312113,0.6894737582528139,kg CO2e/USD,0.6894737582528139,0.6894737582528139,2017,312110
312120,0.6849250935286361,kg CO2e/USD,0.6849250935286361,0.6849250935286361,2017,312120
312130,0.3364594297838145,kg CO2e/USD,0.3364594297838145,0.3364594297838145,2017,312130
312140,0.6776728684889385,kg CO2e/USD,0.6776728684889385,0.6776728684889385,2017,312140
312210,0.2184933715046664,kg CO2e/USD,0.2184933715046664,0.2184933715046664,2017,312200
312221,0.2184933715046664,kg CO2e/USD,0.2184933715046664,0.2184933715046664,2017,312200
312229,0.2184933715046664,kg CO2e/USD,0.2184933715046664,0.2184933715046664,2017,312200
313111,1.055734350946048,kg CO2e/USD,1.055734350946048,1.055734350946048,2017,313100
313112,1.055734350946048,kg CO2e/USD,1.055734350946048,1.055734350946048,2017,313100
313113,1.055734350946048,kg CO2e/USD,1.055734350946048,1.055734350946048,2017,313100
313210,0.840376400915686,kg CO2e/USD,0.840376400915686,0.840376400915686,2017,313200
313221,0.840376400915686,kg CO2e/USD,0.840376400915686,0.840376400915686,2017,313200
313222,0.840376400915686,kg CO2e/USD,0.840376400915686,0.840376400915686,2017,313200
313230,0.840376400915686,kg CO2e/USD,0.840376400915686,0.840376400915686,2017,313200
313241,0.840376400915686,kg CO2e/USD,0.840376400915686,0.840376400915686,2017,313200
313249,0.840376400915686,kg CO2e/USD,0.840376400915686,0.840376400915686,2017,313200
313311,0.7551596387108465,kg CO2e/USD,0.7551596387108465,0.7551596387108465,2017,313300
313312,0.7551596387108465,kg CO2e/USD,0.7551596387108465,0.7551596387108465,2017,313300
313320,0.7551596387108465,kg CO2e/USD,0.7551596387108465,0.7551596387108465,2017,313300
314110,0.7595179878925391,kg CO2e/USD,0.7595179878925391,0.7595179878925391,2017,314110
314121,0.4967117122463525,kg CO2e/USD,0.4967117122463525,0.4967117122463525,2017,314120
314129,0.4967117122463525,kg CO2e/USD,0.4967117122463525,0.4967117122463525,2017,314120
314911,0.4980711593399729,kg CO2e/USD,0.4980711593399729,0.4980711593399729,2017,314900
314912,0.4980711593399729,kg CO2e/USD,0.4980711593399729,0.4980711593399729,2017,314900
314991,0.4980711593399729,kg CO2e/USD,0.4980711593399729,0.4980711593399729,2017,314900
314992,0.4980711593399729,kg CO2e/USD,0.4980711593399729,0.4980711593399729,2017,314900
314999,0.4980711593399729,kg CO2e/USD,0.4980711593399729,0.4980711593399729,2017,314900
315111,0.2145948635625728,kg CO2e/USD,0.2145948635625728,0.2145948635625728,2017,315000
315119,0.2145948635625728,kg CO2e/USD,0.2145948635625728,0.2145948635625728,2017,315000
315191,0.2145948635625728,kg CO2e/USD,0.2145948635625728,0.2145948635625728,2017,315000
315192,0.2145948635625728,kg CO2e/USD,0.2145948635625728,0.2145948635625728,2017,315000
315211,0.2145948635625728,kg CO2e/USD,0.2145948635625728,0.2145948635625728,2017,315000
315212,0.2145948635625728,kg CO2e/USD,0.2145948635625728,0.2145948635625728,2017,315000
315221,0.2145948635625728,kg CO2e/USD,0.2145948635625728,0.2145948635625728,2017,315000
315222,0.2145948635625728,kg CO2e/USD,0.2145948635625728,0.2145948635625728,2017,315000
315223,0.2145948635625728,kg CO2e/USD,0.2145948635625728,0.2145948635625728,2017,315000
315224,0.2145948635625728,kg CO2e/USD,0.2145948635625728,0.2145948635625728,2017,315000
315225,0.2145948635625728,kg CO2e/USD,0.2145948635625728,0.2145948635625728,2017,315000
315228,0.2145948635625728,kg CO2e/USD,0.2145948635625728,0.2145948635625728,2017,315000
315231,0.2145948635625728,kg CO2e/USD,0.2145948635625728,0.2145948635625728,2017,315000
315232,0.2145948635625728,kg CO2e/USD,0.2145948635625728,0.2145948635625728,2017,315000
315233,0.2145948635625728,kg CO2e/USD,0.2145948635625728,0.2145948635625728,2017,315000
315234,0.2145948635625728,kg CO2e/USD,0.2145948635625728,0.2145948635625728,2017,315000
315239,0.2145948635625728,kg CO2e/USD,0.2145948635625728,0.2145948635625728,2017,315000
315291,0.2145948635625728,kg CO2e/USD,0.2145948635625728,0.2145948635625728,2017,315000
315292,0.2145948635625728,kg CO2e/USD,0.2145948635625728,0.2145948635625728,2017,315000
315299,0.2145948635625728,kg CO2e/USD,0.2145948635625728,0.2145948635625728,2017,315000
315991,0.2145948635625728,kg CO2e/USD,0.2145948635625728,0.2145948635625728,2017,315000
315992,0.2145948635625728,kg CO2e/USD,0.2145948635625728,0.2145948635625728,2017,315000
315993,0.2145948635625728,kg CO2e/USD,0.2145948635625728,0.2145948635625728,2017,315000
315999,0.2145948635625728,kg CO2e/USD,0.2145948635625728,0.2145948635625728,2017,315000
316110,0.5667793285976492,kg CO2e/USD,0.5667793285976492,0.5667793285976492,2017,316000
316211,0.5667793285976492,kg CO2e/USD,0.5667793285976492,0.5667793285976492,2017,316000
316212,0.5667793285976492,kg CO2e/USD,0.5667793285976492,0.5667793285976492,2017,316000
316213,0.5667793285976492,kg CO2e/USD,0.5667793285976492,0.5667793285976492,2017,316000
316214,0.5667793285976492,kg CO2e/USD,0.5667793285976492,0.5667793285976492,2017,316000
316219,0.5667793285976492,kg CO2e/USD,0.5667793285976492,0.5667793285976492,2017,316000
316991,0.5667793285976492,kg CO2e/USD,0.5667793285976492,0.5667793285976492,2017,316000
316992,0.5667793285976492,kg CO2e/USD,0.5667793285976492,0.5667793285976492,2017,316000
316993,0.5667793285976492,kg CO2e/USD,0.5667793285976492,0.5667793285976492,2017,316000
316999,0.5667793285976492,kg CO2e/USD,0.5667793285976492,0.5667793285976492,2017,316000
321113,0.4476269496566342,kg CO2e/USD,0.4476269496566342,0.4476269496566342,2017,321100
321114,0.4476269496566342,kg CO2e/USD,0.4476269496566342,0.4476269496566342,2017,321100
321211,0.6239573779374825,kg CO2e/USD,0.6239573779374825,0.6239573779374825,2017,321200
321212,0.6239573779374825,kg CO2e/USD,0.6239573779374825,0.6239573779374825,2017,321200
321213,0.6239573779374825,kg CO2e/USD,0.6239573779374825,0.6239573779374825,2017,321200
321214,0.6239573779374825,kg CO2e/USD,0.6239573779374825,0.6239573779374825,2017,321200
321219,0.6239573779374825,kg CO2e/USD,0.6239573779374825,0.6239573779374825,2017,321200
321911,0.3978306298809347,kg CO2e/USD,0.3978306298809347,0.3978306298809347,2017,321910
321912,0.3978306298809347,kg CO2e/USD,0.3978306298809347,0.3978306298809347,2017,321910
321918,0.3978306298809347,kg CO2e/USD,0.3978306298809347,0.3978306298809347,2017,321910
321920,0.430140914208939,kg CO2e/USD,0.430140914208939,0.430140914208939,2017,3219A0
321991,0.430140914208939,kg CO2e/USD,0.430140914208939,0.430140914208939,2017,3219A0
321992,0.430140914208939,kg CO2e/USD,0.430140914208939,0.430140914208939,2017,3219A0
321999,0.430140914208939,kg CO2e/USD,0.430140914208939,0.430140914208939,2017,3219A0
322110,1.002638105849006,kg CO2e/USD,1.002638105849006,1.002638105849006,2017,322110
322121,1.038384457590575,kg CO2e/USD,1.038384457590575,1.038384457590575,2017,322120
322122,1.038384457590575,kg CO2e/USD,1.038384457590575,1.038384457590575,2017,322120
322130,1.215236253463013,kg CO2e/USD,1.215236253463013,1.215236253463013,2017,322130
322211,0.7960005237101866,kg CO2e/USD,0.7960005237101866,0.7960005237101866,2017,322210
322212,0.7960005237101866,kg CO2e/USD,0.7960005237101866,0.7960005237101866,2017,322210
322213,0.7960005237101866,kg CO2e/USD,0.7960005237101866,0.7960005237101866,2017,322210
322214,0.7960005237101866,kg CO2e/USD,0.7960005237101866,0.7960005237101866,2017,322210
322215,0.7960005237101866,kg CO2e/USD,0.7960005237101866,0.7960005237101866,2017,322210
322221,0.76736015052534,kg CO2e/USD,0.76736015052534,0.76736015052534,2017,322220
322222,0.76736015052534,kg CO2e/USD,0.76736015052534,0.76736015052534,2017,322220
322223,0.76736015052534,kg CO2e/USD,0.76736015052534,0.76736015052534,2017,322220
322224,0.76736015052534,kg CO2e/USD,0.76736015052534,0.76736015052534,2017,322220
322225,0.76736015052534,kg CO2e/USD,0.76736015052534,0.76736015052534,2017,322220
322226,0.76736015052534,kg CO2e/USD,0.76736015052534,0.76736015052534,2017,322220
322231,0.6322598356644736,kg CO2e/USD,0.6322598356644736,0.6322598356644736,2017,322230
322232,0.6322598356644736,kg CO2e/USD,0.6322598356644736,0.6322598356644736,2017,322230
322233,0.6322598356644736,kg CO2e/USD,0.6322598356644736,0.6322598356644736,2017,322230
322291,0.7565185521110305,kg CO2e/USD,0.7565185521110305,0.7565185521110305,2017,322291
322299,0.6754740883855367,kg CO2e/USD,0.6754740883855367,0.6754740883855367,2017,322299
323110,0.466570142148394,kg CO2e/USD,0.466570142148394,0.466570142148394,2017,323110
323111,0.466570142148394,kg CO2e/USD,0.466570142148394,0.466570142148394,2017,323110
323112,0.466570142148394,kg CO2e/USD,0.466570142148394,0.466570142148394,2017,323110
323113,0.466570142148394,kg CO2e/USD,0.466570142148394,0.466570142148394,2017,323110
323114,0.466570142148394,kg CO2e/USD,0.466570142148394,0.466570142148394,2017,323110
323115,0.466570142148394,kg CO2e/USD,0.466570142148394,0.466570142148394,2017,323110
323116,0.466570142148394,kg CO2e/USD,0.466570142148394,0.466570142148394,2017,323110
323117,0.466570142148394,kg CO2e/USD,0.466570142148394,0.466570142148394,2017,323110
323118,0.466570142148394,kg CO2e/USD,0.466570142148394,0.466570142148394,2017,323110
323119,0.466570142148394,kg CO2e/USD,0.466570142148394,0.466570142148394,2017,323110
323121,0.3040560948572497,kg CO2e/USD,0.3040560948572497,0.3040560948572497,2017,323120
323122,0.3040560948572497,kg CO2e/USD,0.3040560948572497,0.3040560948572497,2017,323120
324110,0.8949170855894983,kg CO2e/USD,0.8949170855894983,0.8949170855894983,2017,324110
324121,1.613439538224101,kg CO2e/USD,1.613439538224101,1.613439538224101,2017,324121
324122,1.143115002305019,kg CO2e/USD,1.143115002305019,1.143115002305019,2017,324122
324191,0.958807722016608,kg CO2e/USD,0.958807722016608,0.958807722016608,2017,324190
324199,0.958807722016608,kg CO2e/USD,0.958807722016608,0.958807722016608,2017,324190
325110,0.9365783195308438,kg CO2e/USD,0.9365783195308438,0.9365783195308438,2017,325110
325120,2.070606682324355,kg CO2e/USD,2.070606682324355,2.070606682324355,2017,325120
325131,1.693206057908408,kg CO2e/USD,1.693206057908408,1.693206057908408,2017,325130
325132,1.693206057908408,kg CO2e/USD,1.693206057908408,1.693206057908408,2017,325130
325181,0.8638353947619072,kg CO2e/USD,0.8638353947619072,0.8638353947619072,2017,325180
325182,0.8638353947619072,kg CO2e/USD,0.8638353947619072,0.8638353947619072,2017,325180
325188,0.8638353947619072,kg CO2e/USD,0.8638353947619072,0.8638353947619072,2017,325180
325191,1.636636836670984,kg CO2e/USD,1.636636836670984,1.636636836670984,2017,325190
325192,1.636636836670984,kg CO2e/USD,1.636636836670984,1.636636836670984,2017,325190
325193,1.636636836670984,kg CO2e/USD,1.636636836670984,1.636636836670984,2017,325190
325199,1.636636836670984,kg CO2e/USD,1.636636836670984,1.636636836670984,2017,325190
325211,1.779113510650334,kg CO2e/USD,1.779113510650334,1.779113510650334,2017,325211
325212,1.220545494938125,kg CO2e/USD,1.220545494938125,1.220545494938125,2017,3252A0
325221,1.220545494938125,kg CO2e/USD,1.220545494938125,1.220545494938125,2017,3252A0
325222,1.220545494938125,kg CO2e/USD,1.220545494938125,1.220545494938125,2017,3252A0
325311,2.362243328833161,kg CO2e/USD,2.362243328833161,2.362243328833161,2017,325310
325312,2.362243328833161,kg CO2e/USD,2.362243328833161,2.362243328833161,2017,325310
325314,2.362243328833161,kg CO2e/USD,2.362243328833161,2.362243328833161,2017,325310
325320,0.9734495896732258,kg CO2e/USD,0.9734495896732258,0.9734495896732258,2017,325320
325411,0.6819259911979018,kg CO2e/USD,0.6819259911979018,0.6819259911979018,2017,325411
325412,0.2232165639868434,kg CO2e/USD,0.2232165639868434,0.2232165639868434,2017,325412
325413,0.176993443800176,kg CO2e/USD,0.176993443800176,0.176993443800176,2017,325413
325414,0.0961628148420852,kg CO2e/USD,0.0961628148420852,0.0961628148420852,2017,325414
325510,0.8228791597647409,kg CO2e/USD,0.8228791597647409,0.8228791597647409,2017,325510
325520,0.9444618020936948,kg CO2e/USD,0.9444618020936948,0.9444618020936948,2017,325520
325611,0.6995482669623106,kg CO2e/USD,0.6995482669623106,0.6995482669623106,2017,325610
325612,0.6995482669623106,kg CO2e/USD,0.6995482669623106,0.6995482669623106,2017,325610
325613,0.6995482669623106,kg CO2e/USD,0.6995482669623106,0.6995482669623106,2017,325610
325620,0.3739068943988395,kg CO2e/USD,0.3739068943988395,0.3739068943988395,2017,325620
325910,0.999242164092418,kg CO2e/USD,0.999242164092418,0.999242164092418,2017,325910
325920,0.7992173301890135,kg CO2e/USD,0.7992173301890135,0.7992173301890135,2017,3259A0
325991,0.7992173301890135,kg CO2e/USD,0.7992173301890135,0.7992173301890135,2017,3259A0
325992,0.7992173301890135,kg CO2e/USD,0.7992173301890135,0.7992173301890135,2017,3259A0
325998,0.7992173301890135,kg CO2e/USD,0.7992173301890135,0.7992173301890135,2017,3259A0
326111,1.028948165386611,kg CO2e/USD,1.028948165386611,1.028948165386611,2017,326110
326112,1.028948165386611,kg CO2e/USD,1.028948165386611,1.028948165386611,2017,326110
326113,1.028948165386611,kg CO2e/USD,1.028948165386611,1.028948165386611,2017,326110
326121,0.9521566082597968,kg CO2e/USD,0.9521566082597968,0.9521566082597968,2017,326120
326122,0.9521566082597968,kg CO2e/USD,0.9521566082597968,0.9521566082597968,2017,326120
326130,0.7546538201870997,kg CO2e/USD,0.7546538201870997,0.7546538201870997,2017,326130
326140,0.9455039098151108,kg CO2e/USD,0.9455039098151108,0.9455039098151108,2017,326140
326150,0.8735974623039102,kg CO2e/USD,0.8735974623039102,0.8735974623039102,2017,326150
326160,1.081897941313983,kg CO2e/USD,1.081897941313983,1.081897941313983,2017,326160
326191,0.7502002379099981,kg CO2e/USD,0.7502002379099981,0.7502002379099981,2017,326190
326192,0.7502002379099981,kg CO2e/USD,0.7502002379099981,0.7502002379099981,2017,326190
326199,0.7502002379099981,kg CO2e/USD,0.7502002379099981,0.7502002379099981,2017,326190
326211,0.6384383082245242,kg CO2e/USD,0.6384383082245242,0.6384383082245242,2017,326210
326212,0.6384383082245242,kg CO2e/USD,0.6384383082245242,0.6384383082245242,2017,326210
326220,0.5368945426467884,kg CO2e/USD,0.5368945426467884,0.5368945426467884,2017,326220
326291,0.6028631604360841,kg CO2e/USD,0.6028631604360841,0.6028631604360841,2017,326290
326299,0.6028631604360841,kg CO2e/USD,0.6028631604360841,0.6028631604360841,2017,326290
327111,0.6620317483142719,kg CO2e/USD,0.6620317483142719,0.6620317483142719,2017,327100
327112,0.6620317483142719,kg CO2e/USD,0.6620317483142719,0.6620317483142719,2017,327100
327113,0.6620317483142719,kg CO2e/USD,0.6620317483142719,0.6620317483142719,2017,327100
327121,0.6620317483142719,kg CO2e/USD,0.6620317483142719,0.6620317483142719,2017,327100
327122,0.6620317483142719,kg CO2e/USD,0.6620317483142719,0.6620317483142719,2017,327100
327123,0.6620317483142719,kg CO2e/USD,0.6620317483142719,0.6620317483142719,2017,327100
327124,0.6620317483142719,kg CO2e/USD,0.6620317483142719,0.6620317483142719,2017,327100
327125,0.6620317483142719,kg CO2e/USD,0.6620317483142719,0.6620317483142719,2017,327100
327211,0.8956311468695429,kg CO2e/USD,0.8956311468695429,0.8956311468695429,2017,327200
327212,0.8956311468695429,kg CO2e/USD,0.8956311468695429,0.8956311468695429,2017,327200
327213,0.8956311468695429,kg CO2e/USD,0.8956311468695429,0.8956311468695429,2017,327200
327215,0.8956311468695429,kg CO2e/USD,0.8956311468695429,0.8956311468695429,2017,327200
327310,8.755247023554311,kg CO2e/USD,8.755247023554311,8.755247023554311,2017,327310
327320,1.762554196790232,kg CO2e/USD,1.762554196790232,1.762554196790232,2017,327320
327331,0.7749507063552324,kg CO2e/USD,0.7749507063552324,0.7749507063552324,2017,327330
327332,0.7749507063552324,kg CO2e/USD,0.7749507063552324,0.7749507063552324,2017,327330
327390,0.6767358275890202,kg CO2e/USD,0.6767358275890202,0.6767358275890202,2017,327390
327410,3.973007296045358,kg CO2e/USD,3.973007296045358,3.973007296045358,2017,327400
327420,3.973007296045358,kg CO2e/USD,3.973007296045358,3.973007296045358,2017,327400
327910,0.3273165043028832,kg CO2e/USD,0.3273165043028832,0.3273165043028832,2017,327910
327991,0.4162457705460556,kg CO2e/USD,0.4162457705460556,0.4162457705460556,2017,327991
327992,0.7994530540295548,kg CO2e/USD,0.7994530540295548,0.7994530540295548,2017,327992
327993,0.7923123202127674,kg CO2e/USD,0.7923123202127674,0.7923123202127674,2017,327993
327999,1.022771111080798,kg CO2e/USD,1.022771111080798,1.022771111080798,2017,327999
331111,1.14249227055147,kg CO2e/USD,1.14249227055147,1.14249227055147,2017,331110
331112,1.14249227055147,kg CO2e/USD,1.14249227055147,1.14249227055147,2017,331110
331210,0.7502559630544039,kg CO2e/USD,0.7502559630544039,0.7502559630544039,2017,331200
331221,0.7502559630544039,kg CO2e/USD,0.7502559630544039,0.7502559630544039,2017,331200
331222,0.7502559630544039,kg CO2e/USD,0.7502559630544039,0.7502559630544039,2017,331200
331315,0.9415781253336344,kg CO2e/USD,0.9415781253336344,0.9415781253336344,2017,33131B
331316,0.9415781253336344,kg CO2e/USD,0.9415781253336344,0.9415781253336344,2017,33131B
331319,0.9415781253336344,kg CO2e/USD,0.9415781253336344,0.9415781253336344,2017,33131B
331421,0.6964105442775119,kg CO2e/USD,0.6964105442775119,0.6964105442775119,2017,331420
331422,0.6964105442775119,kg CO2e/USD,0.6964105442775119,0.6964105442775119,2017,331420
331423,0.6964105442775119,kg CO2e/USD,0.6964105442775119,0.6964105442775119,2017,331420
331491,0.6801870761565239,kg CO2e/USD,0.6801870761565239,0.6801870761565239,2017,331490
331492,0.6801870761565239,kg CO2e/USD,0.6801870761565239,0.6801870761565239,2017,331490
331511,0.5058578683083935,kg CO2e/USD,0.5058578683083935,0.5058578683083935,2017,331510
331512,0.5058578683083935,kg CO2e/USD,0.5058578683083935,0.5058578683083935,2017,331510
331513,0.5058578683083935,kg CO2e/USD,0.5058578683083935,0.5058578683083935,2017,331510
331521,0.573753418261321,kg CO2e/USD,0.573753418261321,0.573753418261321,2017,331520
331522,0.573753418261321,kg CO2e/USD,0.573753418261321,0.573753418261321,2017,331520
331524,0.573753418261321,kg CO2e/USD,0.573753418261321,0.573753418261321,2017,331520
331525,0.573753418261321,kg CO2e/USD,0.573753418261321,0.573753418261321,2017,331520
331528,0.573753418261321,kg CO2e/USD,0.573753418261321,0.573753418261321,2017,331520
332111,0.6810135617669953,kg CO2e/USD,0.6810135617669953,0.6810135617669953,2017,33211A
332112,0.6810135617669953,kg CO2e/USD,0.6810135617669953,0.6810135617669953,2017,33211A
332114,0.784447432847816,kg CO2e/USD,0.784447432847816,0.784447432847816,2017,332114
332117,0.6810135617669953,kg CO2e/USD,0.6810135617669953,0.6810135617669953,2017,33211A
332211,0.396781376560947,kg CO2e/USD,0.396781376560947,0.396781376560947,2017,332200
332212,0.396781376560947,kg CO2e/USD,0.396781376560947,0.396781376560947,2017,332200
332213,0.396781376560947,kg CO2e/USD,0.396781376560947,0.396781376560947,2017,332200
332214,0.396781376560947,kg CO2e/USD,0.396781376560947,0.396781376560947,2017,332200
332311,0.4837169117228939,kg CO2e/USD,0.4837169117228939,0.4837169117228939,2017,332310
332312,0.4837169117228939,kg CO2e/USD,0.4837169117228939,0.4837169117228939,2017,332310
332313,0.4837169117228939,kg CO2e/USD,0.4837169117228939,0.4837169117228939,2017,332310
332321,0.4482609615990552,kg CO2e/USD,0.4482609615990552,0.4482609615990552,2017,332320
332322,0.4482609615990552,kg CO2e/USD,0.4482609615990552,0.4482609615990552,2017,332320
332323,0.4482609615990552,kg CO2e/USD,0.4482609615990552,0.4482609615990552,2017,332320
332410,0.3736787327130748,kg CO2e/USD,0.3736787327130748,0.3736787327130748,2017,332410
332420,0.4966287022129868,kg CO2e/USD,0.4966287022129868,0.4966287022129868,2017,332420
332431,0.7295714251387603,kg CO2e/USD,0.7295714251387603,0.7295714251387603,2017,332430
332439,0.7295714251387603,kg CO2e/USD,0.7295714251387603,0.7295714251387603,2017,332430
332510,0.3782979237689524,kg CO2e/USD,0.3782979237689524,0.3782979237689524,2017,332500
332611,0.5088867302616293,kg CO2e/USD,0.5088867302616293,0.5088867302616293,2017,332600
332612,0.5088867302616293,kg CO2e/USD,0.5088867302616293,0.5088867302616293,2017,332600
332618,0.5088867302616293,kg CO2e/USD,0.5088867302616293,0.5088867302616293,2017,332600
332710,0.3242537667158404,kg CO2e/USD,0.3242537667158404,0.3242537667158404,2017,332710
332721,0.4115765936895126,kg CO2e/USD,0.4115765936895126,0.4115765936895126,2017,332720
332722,0.4115765936895126,kg CO2e/USD,0.4115765936895126,0.4115765936895126,2017,332720
332811,0.6038050769159912,kg CO2e/USD,0.6038050769159912,0.6038050769159912,2017,332800
332812,0.6038050769159912,kg CO2e/USD,0.6038050769159912,0.6038050769159912,2017,332800
332813,0.6038050769159912,kg CO2e/USD,0.6038050769159912,0.6038050769159912,2017,332800
332911,0.3467324481167772,kg CO2e/USD,0.3467324481167772,0.3467324481167772,2017,33291A
332912,0.3467324481167772,kg CO2e/USD,0.3467324481167772,0.3467324481167772,2017,33291A
332913,0.3668051776094019,kg CO2e/USD,0.3668051776094019,0.3668051776094019,2017,332913
332919,0.3467324481167772,kg CO2e/USD,0.3467324481167772,0.3467324481167772,2017,33291A
332991,0.3568608437758768,kg CO2e/USD,0.3568608437758768,0.3568608437758768,2017,332991
332992,0.2901972441691932,kg CO2e/USD,0.2901972441691932,0.2901972441691932,2017,33299A
332993,0.2901972441691932,kg CO2e/USD,0.2901972441691932,0.2901972441691932,2017,33299A
332994,0.2901972441691932,kg CO2e/USD,0.2901972441691932,0.2901972441691932,2017,33299A
332995,0.2901972441691932,kg CO2e/USD,0.2901972441691932,0.2901972441691932,2017,33299A
332996,0.4812553643997321,kg CO2e/USD,0.4812553643997321,0.4812553643997321,2017,332996
333111,0.3820615468627669,kg CO2e/USD,0.3820615468627669,0.3820615468627669,2017,333111
333112,0.3545168611434802,kg CO2e/USD,0.3545168611434802,0.3545168611434802,2017,333112
333120,0.3397531149223416,kg CO2e/USD,0.3397531149223416,0.3397531149223416,2017,333120
333131,0.3786342182748437,kg CO2e/USD,0.3786342182748437,0.3786342182748437,2017,333130
333132,0.3786342182748437,kg CO2e/USD,0.3786342182748437,0.3786342182748437,2017,333130
333210,0.2815352527054447,kg CO2e/USD,0.2815352527054447,0.2815352527054447,2017,33329A
333291,0.2815352527054447,kg CO2e/USD,0.2815352527054447,0.2815352527054447,2017,33329A
333292,0.2815352527054447,kg CO2e/USD,0.2815352527054447,0.2815352527054447,2017,33329A
333293,0.2815352527054447,kg CO2e/USD,0.2815352527054447,0.2815352527054447,2017,33329A
333294,0.2815352527054447,kg CO2e/USD,0.2815352527054447,0.2815352527054447,2017,33329A
333298,0.2815352527054447,kg CO2e/USD,0.2815352527054447,0.2815352527054447,2017,33329A
333314,0.1976557730360039,kg CO2e/USD,0.1976557730360039,0.1976557730360039,2017,333314
333414,0.3703328008663625,kg CO2e/USD,0.3703328008663625,0.3703328008663625,2017,333414
333415,0.7238130409683444,kg CO2e/USD,0.7238130409683444,0.7238130409683444,2017,333415
333511,0.4317884852098358,kg CO2e/USD,0.4317884852098358,0.4317884852098358,2017,333511
333514,0.2947857996553733,kg CO2e/USD,0.2947857996553733,0.2947857996553733,2017,333514
333515,0.314754088003341,kg CO2e/USD,0.314754088003341,0.314754088003341,2017,33351B
333516,0.314754088003341,kg CO2e/USD,0.314754088003341,0.314754088003341,2017,33351B
333518,0.314754088003341,kg CO2e/USD,0.314754088003341,0.314754088003341,2017,33351B
333611,0.3001612331248256,kg CO2e/USD,0.3001612331248256,0.3001612331248256,2017,333611
333612,0.2996342750421194,kg CO2e/USD,0.2996342750421194,0.2996342750421194,2017,333612
333613,0.3244562428520704,kg CO2e/USD,0.3244562428520704,0.3244562428520704,2017,333613
333618,0.3708173487273083,kg CO2e/USD,0.3708173487273083,0.3708173487273083,2017,333618
333911,0.2749349889361547,kg CO2e/USD,0.2749349889361547,0.2749349889361547,2017,33391A
333912,0.2963440697790187,kg CO2e/USD,0.2963440697790187,0.2963440697790187,2017,333912
333913,0.2749349889361547,kg CO2e/USD,0.2749349889361547,0.2749349889361547,2017,33391A
333921,0.379543297007453,kg CO2e/USD,0.379543297007453,0.379543297007453,2017,333920
333922,0.379543297007453,kg CO2e/USD,0.379543297007453,0.379543297007453,2017,333920
333923,0.379543297007453,kg CO2e/USD,0.379543297007453,0.379543297007453,2017,333920
333924,0.379543297007453,kg CO2e/USD,0.379543297007453,0.379543297007453,2017,333920
333991,0.3079448552539718,kg CO2e/USD,0.3079448552539718,0.3079448552539718,2017,333991
333992,0.3469673992356929,kg CO2e/USD,0.3469673992356929,0.3469673992356929,2017,33399A
333993,0.2344390047405905,kg CO2e/USD,0.2344390047405905,0.2344390047405905,2017,333993
333994,0.2734452655302782,kg CO2e/USD,0.2734452655302782,0.2734452655302782,2017,333994
333995,0.3348565418657605,kg CO2e/USD,0.3348565418657605,0.3348565418657605,2017,33399B
333996,0.3348565418657605,kg CO2e/USD,0.3348565418657605,0.3348565418657605,2017,33399B
333997,0.3469673992356929,kg CO2e/USD,0.3469673992356929,0.3469673992356929,2017,33399A
333999,0.3469673992356929,kg CO2e/USD,0.3469673992356929,0.3469673992356929,2017,33399A
334111,0.0593061200069033,kg CO2e/USD,0.0593061200069033,0.0593061200069033,2017,334111
334112,0.1172879608826203,kg CO2e/USD,0.1172879608826203,0.1172879608826203,2017,334112
334210,0.0695469825790345,kg CO2e/USD,0.0695469825790345,0.0695469825790345,2017,334210
334220,0.07419004014562,kg CO2e/USD,0.07419004014562,0.07419004014562,2017,334220
334290,0.1217938996878759,kg CO2e/USD,0.1217938996878759,0.1217938996878759,2017,334290
334310,0.1224943298484262,kg CO2e/USD,0.1224943298484262,0.1224943298484262,2017,334300
334411,0.2084298061012639,kg CO2e/USD,0.2084298061012639,0.2084298061012639,2017,33441A
334412,0.2084298061012639,kg CO2e/USD,0.2084298061012639,0.2084298061012639,2017,33441A
334413,0.2373544954767993,kg CO2e/USD,0.2373544954767993,0.2373544954767993,2017,334413
334414,0.2084298061012639,kg CO2e/USD,0.2084298061012639,0.2084298061012639,2017,33441A
334415,0.2084298061012639,kg CO2e/USD,0.2084298061012639,0.2084298061012639,2017,33441A
334416,0.2084298061012639,kg CO2e/USD,0.2084298061012639,0.2084298061012639,2017,33441A
334417,0.2084298061012639,kg CO2e/USD,0.2084298061012639,0.2084298061012639,2017,33441A
334418,0.1600380434222977,kg CO2e/USD,0.1600380434222977,0.1600380434222977,2017,334418
334419,0.2084298061012639,kg CO2e/USD,0.2084298061012639,0.2084298061012639,2017,33441A
334510,0.0837643830886507,kg CO2e/USD,0.0837643830886507,0.0837643830886507,2017,334510
334511,0.0617411308667706,kg CO2e/USD,0.0617411308667706,0.0617411308667706,2017,334511
334512,0.1617038748570659,kg CO2e/USD,0.1617038748570659,0.1617038748570659,2017,334512
334513,0.1318477988124694,kg CO2e/USD,0.1318477988124694,0.1318477988124694,2017,334513
334514,0.0666092478322088,kg CO2e/USD,0.0666092478322088,0.0666092478322088,2017,334514
334515,0.1091628568652336,kg CO2e/USD,0.1091628568652336,0.1091628568652336,2017,334515
334516,0.0891496272170514,kg CO2e/USD,0.0891496272170514,0.0891496272170514,2017,334516
334517,0.1248903899616422,kg CO2e/USD,0.1248903899616422,0.1248903899616422,2017,334517
334518,0.0775348088478989,kg CO2e/USD,0.0775348088478989,0.0775348088478989,2017,33451A
334519,0.0775348088478989,kg CO2e/USD,0.0775348088478989,0.0775348088478989,2017,33451A
334611,0.1359664106970382,kg CO2e/USD,0.1359664106970382,0.1359664106970382,2017,334610
334612,0.1359664106970382,kg CO2e/USD,0.1359664106970382,0.1359664106970382,2017,334610
334613,0.1359664106970382,kg CO2e/USD,0.1359664106970382,0.1359664106970382,2017,334610
335110,0.3786291466755282,kg CO2e/USD,0.3786291466755282,0.3786291466755282,2017,335110
335121,0.331375915108758,kg CO2e/USD,0.331375915108758,0.331375915108758,2017,335120
335122,0.331375915108758,kg CO2e/USD,0.331375915108758,0.331375915108758,2017,335120
335129,0.331375915108758,kg CO2e/USD,0.331375915108758,0.331375915108758,2017,335120
335211,0.3665782922857448,kg CO2e/USD,0.3665782922857448,0.3665782922857448,2017,335210
335212,0.3665782922857448,kg CO2e/USD,0.3665782922857448,0.3665782922857448,2017,335210
335221,0.3583129802768772,kg CO2e/USD,0.3583129802768772,0.3583129802768772,2017,335221
335222,0.4335664326647588,kg CO2e/USD,0.4335664326647588,0.4335664326647588,2017,335222
335224,0.3968417762364377,kg CO2e/USD,0.3968417762364377,0.3968417762364377,2017,335224
335228,0.3330150868530566,kg CO2e/USD,0.3330150868530566,0.3330150868530566,2017,335228
335311,0.3867414665691227,kg CO2e/USD,0.3867414665691227,0.3867414665691227,2017,335311
335312,0.300747645160419,kg CO2e/USD,0.300747645160419,0.300747645160419,2017,335312
335313,0.319661164825907,kg CO2e/USD,0.319661164825907,0.319661164825907,2017,335313
335314,0.2150579604771785,kg CO2e/USD,0.2150579604771785,0.2150579604771785,2017,335314
335911,0.5128900971613989,kg CO2e/USD,0.5128900971613989,0.5128900971613989,2017,335911
335912,0.3709185902850814,kg CO2e/USD,0.3709185902850814,0.3709185902850814,2017,335912
335921,0.53345661368203,kg CO2e/USD,0.53345661368203,0.53345661368203,2017,335920
335929,0.53345661368203,kg CO2e/USD,0.53345661368203,0.53345661368203,2017,335920
335931,0.3924895267571023,kg CO2e/USD,0.3924895267571023,0.3924895267571023,2017,335930
335932,0.3924895267571023,kg CO2e/USD,0.3924895267571023,0.3924895267571023,2017,335930
335991,0.6067255831532005,kg CO2e/USD,0.6067255831532005,0.6067255831532005,2017,335991
335999,0.225926016322313,kg CO2e/USD,0.225926016322313,0.225926016322313,2017,335999
336111,0.3607862291692933,kg CO2e/USD,0.3607862291692933,0.3607862291692933,2017,336111
336112,0.3876962961126826,kg CO2e/USD,0.3876962961126826,0.3876962961126826,2017,336112
336120,0.3796397787206112,kg CO2e/USD,0.3796397787206112,0.3796397787206112,2017,336120
336211,0.3398103072632562,kg CO2e/USD,0.3398103072632562,0.3398103072632562,2017,336211
336212,0.4427531273205737,kg CO2e/USD,0.4427531273205737,0.4427531273205737,2017,336212
336213,0.3383413185507788,kg CO2e/USD,0.3383413185507788,0.3383413185507788,2017,336213
336214,0.4724985937044238,kg CO2e/USD,0.4724985937044238,0.4724985937044238,2017,336214
336311,0.4143287047467276,kg CO2e/USD,0.4143287047467276,0.4143287047467276,2017,336310
336312,0.4143287047467276,kg CO2e/USD,0.4143287047467276,0.4143287047467276,2017,336310
336321,0.3606574174218625,kg CO2e/USD,0.3606574174218625,0.3606574174218625,2017,336320
336322,0.3606574174218625,kg CO2e/USD,0.3606574174218625,0.3606574174218625,2017,336320
336330,0.4677726420273041,kg CO2e/USD,0.4677726420273041,0.4677726420273041,2017,3363A0
336340,0.4677726420273041,kg CO2e/USD,0.4677726420273041,0.4677726420273041,2017,3363A0
336350,0.446540879288746,kg CO2e/USD,0.446540879288746,0.446540879288746,2017,336350
336360,0.476316329110491,kg CO2e/USD,0.476316329110491,0.476316329110491,2017,336360
336370,0.6446295521569699,kg CO2e/USD,0.6446295521569699,0.6446295521569699,2017,336370
336391,0.4783481896850612,kg CO2e/USD,0.4783481896850612,0.4783481896850612,2017,336390
336399,0.4783481896850612,kg CO2e/USD,0.4783481896850612,0.4783481896850612,2017,336390
336411,0.1643692203954609,kg CO2e/USD,0.1643692203954609,0.1643692203954609,2017,336411
336412,0.1223505739031402,kg CO2e/USD,0.1223505739031402,0.1223505739031402,2017,336412
336413,0.2381893824862793,kg CO2e/USD,0.2381893824862793,0.2381893824862793,2017,336413
336414,0.1617421560875151,kg CO2e/USD,0.1617421560875151,0.1617421560875151,2017,336414
336415,0.1658435139070384,kg CO2e/USD,0.1658435139070384,0.1658435139070384,2017,33641A
336419,0.1658435139070384,kg CO2e/USD,0.1658435139070384,0.1658435139070384,2017,33641A
336510,0.3981155458795369,kg CO2e/USD,0.3981155458795369,0.3981155458795369,2017,336500
336611,0.2503939867320987,kg CO2e/USD,0.2503939867320987,0.2503939867320987,2017,336611
336612,0.3279579753508141,kg CO2e/USD,0.3279579753508141,0.3279579753508141,2017,336612
336991,0.3104639987948569,kg CO2e/USD,0.3104639987948569,0.3104639987948569,2017,336991
336992,0.3842152368634013,kg CO2e/USD,0.3842152368634013,0.3842152368634013,2017,336992
336999,0.4172827218405039,kg CO2e/USD,0.4172827218405039,0.4172827218405039,2017,336999
337110,0.3468605638123785,kg CO2e/USD,0.3468605638123785,0.3468605638123785,2017,337110
337121,0.4768402486272701,kg CO2e/USD,0.4768402486272701,0.4768402486272701,2017,337121
337122,0.4185154838574289,kg CO2e/USD,0.4185154838574289,0.4185154838574289,2017,337122
337127,0.4360392431852282,kg CO2e/USD,0.4360392431852282,0.4360392431852282,2017,337127
337211,0.4150183055344237,kg CO2e/USD,0.4150183055344237,0.4150183055344237,2017,33721A
337212,0.4150183055344237,kg CO2e/USD,0.4150183055344237,0.4150183055344237,2017,33721A
337214,0.4150183055344237,kg CO2e/USD,0.4150183055344237,0.4150183055344237,2017,33721A
337215,0.508736655753795,kg CO2e/USD,0.508736655753795,0.508736655753795,2017,337215
337910,0.4573129247068378,kg CO2e/USD,0.4573129247068378,0.4573129247068378,2017,337900
337920,0.4573129247068378,kg CO2e/USD,0.4573129247068378,0.4573129247068378,2017,337900
339112,0.2348104134298777,kg CO2e/USD,0.2348104134298777,0.2348104134298777,2017,339112
339113,0.2315069639690448,kg CO2e/USD,0.2315069639690448,0.2315069639690448,2017,339113
339114,0.2941376427048837,kg CO2e/USD,0.2941376427048837,0.2941376427048837,2017,339114
339115,0.1809478400884751,kg CO2e/USD,0.1809478400884751,0.1809478400884751,2017,339115
339116,0.1799625863626119,kg CO2e/USD,0.1799625863626119,0.1799625863626119,2017,339116
339911,0.2870763776317593,kg CO2e/USD,0.2870763776317593,0.2870763776317593,2017,339910
339912,0.2870763776317593,kg CO2e/USD,0.2870763776317593,0.2870763776317593,2017,339910
339913,0.2870763776317593,kg CO2e/USD,0.2870763776317593,0.2870763776317593,2017,339910
339914,0.2870763776317593,kg CO2e/USD,0.2870763776317593,0.2870763776317593,2017,339910
339920,0.385723552987612,kg CO2e/USD,0.385723552987612,0.385723552987612,2017,339920
339931,0.3405486907127681,kg CO2e/USD,0.3405486907127681,0.3405486907127681,2017,339930
339932,0.3405486907127681,kg CO2e/USD,0.3405486907127681,0.3405486907127681,2017,339930
339941,0.4051626883538109,kg CO2e/USD,0.4051626883538109,0.4051626883538109,2017,339940
339942,0.4051626883538109,kg CO2e/USD,0.4051626883538109,0.4051626883538109,2017,339940
339943,0.4051626883538109,kg CO2e/USD,0.4051626883538109,0.4051626883538109,2017,339940
339944,0.4051626883538109,kg CO2e/USD,0.4051626883538109,0.4051626883538109,2017,339940
339950,0.4054193789646758,kg CO2e/USD,0.4054193789646758,0.4054193789646758,2017,339950
339991,0.3821008670743796,kg CO2e/USD,0.3821008670743796,0.3821008670743796,2017,339990
339992,0.3821008670743796,kg CO2e/USD,0.3821008670743796,0.3821008670743796,2017,339990
339993,0.3821008670743796,kg CO2e/USD,0.3821008670743796,0.3821008670743796,2017,339990
339994,0.3821008670743796,kg CO2e/USD,0.3821008670743796,0.3821008670743796,2017,339990
339995,0.3821008670743796,kg CO2e/USD,0.3821008670743796,0.3821008670743796,2017,339990
339999,0.3821008670743796,kg CO2e/USD,0.3821008670743796,0.3821008670743796,2017,339990
511110,0.1314322019486848,kg CO2e/USD,0.1314322019486848,0.1314322019486848,2017,511110
511120,0.1286361196022012,kg CO2e/USD,0.1286361196022012,0.1286361196022012,2017,511120
511130,0.1459499784705144,kg CO2e/USD,0.1459499784705144,0.1459499784705144,2017,511130
511140,0.1524470023570757,kg CO2e/USD,0.1524470023570757,0.1524470023570757,2017,5111A0
511191,0.1524470023570757,kg CO2e/USD,0.1524470023570757,0.1524470023570757,2017,5111A0
511199,0.1524470023570757,kg CO2e/USD,0.1524470023570757,0.1524470023570757,2017,5111A0
511210,0.0634906197104419,kg CO2e/USD,0.0634906197104419,0.0634906197104419,2017,511200
512110,0.0745625016543306,kg CO2e/USD,0.0745625016543306,0.0745625016543306,2017,512100
512120,0.0745625016543306,kg CO2e/USD,0.0745625016543306,0.0745625016543306,2017,512100
512131,0.0745625016543306,kg CO2e/USD,0.0745625016543306,0.0745625016543306,2017,512100
512132,0.0745625016543306,kg CO2e/USD,0.0745625016543306,0.0745625016543306,2017,512100
512191,0.0745625016543306,kg CO2e/USD,0.0745625016543306,0.0745625016543306,2017,512100
512199,0.0745625016543306,kg CO2e/USD,0.0745625016543306,0.0745625016543306,2017,512100
512210,0.0338025672551945,kg CO2e/USD,0.0338025672551945,0.0338025672551945,2017,512200
512220,0.0338025672551945,kg CO2e/USD,0.0338025672551945,0.0338025672551945,2017,512200
512230,0.0338025672551945,kg CO2e/USD,0.0338025672551945,0.0338025672551945,2017,512200
512240,0.0338025672551945,kg CO2e/USD,0.0338025672551945,0.0338025672551945,2017,512200
512290,0.0338025672551945,kg CO2e/USD,0.0338025672551945,0.0338025672551945,2017,512200
515111,0.096195509404841,kg CO2e/USD,0.096195509404841,0.096195509404841,2017,515100
515112,0.096195509404841,kg CO2e/USD,0.096195509404841,0.096195509404841,2017,515100
515120,0.096195509404841,kg CO2e/USD,0.096195509404841,0.096195509404841,2017,515100
515210,0.1240997963267634,kg CO2e/USD,0.1240997963267634,0.1240997963267634,2017,515200
517110,0.0994067894224582,kg CO2e/USD,0.0994067894224582,0.0994067894224582,2017,517110
517210,0.0994067894224582,kg CO2e/USD,0.0994067894224582,0.0994067894224582,2017,517110
517410,0.1325629577445784,kg CO2e/USD,0.1325629577445784,0.1325629577445784,2017,517A00
517911,0.0994067894224582,kg CO2e/USD,0.0994067894224582,0.0994067894224582,2017,517110
517919,0.0994067894224582,kg CO2e/USD,0.0994067894224582,0.0994067894224582,2017,517110
518210,0.1633183687783148,kg CO2e/USD,0.1633183687783148,0.1633183687783148,2017,518200
519110,0.1527446939447922,kg CO2e/USD,0.1527446939447922,0.1527446939447922,2017,5191A0
519120,0.1527446939447922,kg CO2e/USD,0.1527446939447922,0.1527446939447922,2017,5191A0
519130,0.1383113527135775,kg CO2e/USD,0.1383113527135775,0.1383113527135775,2017,519130
519190,0.1527446939447922,kg CO2e/USD,0.1527446939447922,0.1527446939447922,2017,5191A0
811212,0.1196398311056472,kg CO2e/USD,0.1196398311056472,0.1196398311056472,2017,811200
